Date,Open,High,Low,Close,Adj Close,Volume,sector,ETF Name,Full ETF Name
2018-12-01,110.20999908447266,110.5999984741211,91.7300033569336,99.01000213623047,94.173828125,184699100,Consumer Service,XLY,Consumer Discretionary Select Sector SPDR Fund
2019-01-01,97.31999969482422,109.1500015258789,96.79000091552734,108.77999877929688,103.87212371826172,114456600,Consumer Service,XLY,Consumer Discretionary Select Sector SPDR Fund
2019-02-01,107.8499984741211,111.91000366210938,106.36000061035156,110.20999908447266,105.23760986328125,82301900,Consumer Service,XLY,Consumer Discretionary Select Sector SPDR Fund
2019-03-01,111.11000061035156,114.05999755859375,107.66000366210938,113.8499984741211,108.71339416503906,126494800,Consumer Service,XLY,Consumer Discretionary Select Sector SPDR Fund
2019-04-01,114.7699966430664,120.9000015258789,114.41000366210938,120.06999969482422,115.04399108886719,72082500,Consumer Service,XLY,Consumer Discretionary Select Sector SPDR Fund
2019-05-01,120.2699966430664,120.33000183105469,110.62000274658203,110.94000244140625,106.29618072509766,108676500,Consumer Service,XLY,Consumer Discretionary Select Sector SPDR Fund
2019-06-01,110.66999816894531,120.79000091552734,109.43000030517578,119.19999694824219,114.21041870117188,81414000,Consumer Service,XLY,Consumer Discretionary Select Sector SPDR Fund
2019-07-01,120.70999908447266,124.5999984741211,119.61000061035156,120.72000122070312,116.0655746459961,62700300,Consumer Service,XLY,Consumer Discretionary Select Sector SPDR Fund
2019-08-01,120.94999694824219,122.13999938964844,113.62999725341797,119.58000183105469,114.96953582763672,99953900,Consumer Service,XLY,Consumer Discretionary Select Sector SPDR Fund
2019-09-01,119.01000213623047,124.38999938964844,118.58000183105469,120.69999694824219,116.04634094238281,65899600,Consumer Service,XLY,Consumer Discretionary Select Sector SPDR Fund
2019-10-01,120.9800033569336,123.1500015258789,115.95999908447266,120.8499984741211,116.57599639892578,70052000,Consumer Service,XLY,Consumer Discretionary Select Sector SPDR Fund
2019-11-01,121.47000122070312,123.38999938964844,119.44000244140625,122.44999694824219,118.11943054199219,57718600,Consumer Service,XLY,Consumer Discretionary Select Sector SPDR Fund
2019-12-01,122.54000091552734,126.7300033569336,119.55000305175781,125.41999816894531,120.98439025878906,61595700,Consumer Service,XLY,Consumer Discretionary Select Sector SPDR Fund
2020-01-01,126.20999908447266,128.52999877929688,122.98999786376953,125.31999969482422,121.2864761352539,109639500,Consumer Service,XLY,Consumer Discretionary Select Sector SPDR Fund
2020-02-01,126.0199966430664,132.72999572753906,112.52999877929688,115.83000183105469,112.10193634033203,141891500,Consumer Service,XLY,Consumer Discretionary Select Sector SPDR Fund
2020-03-01,116.18000030517578,121.73999786376953,81.73999786376953,98.08000183105469,94.92323303222656,199888800,Consumer Service,XLY,Consumer Discretionary Select Sector SPDR Fund
2020-04-01,94.3499984741211,118.20999908447266,91.2300033569336,116.5999984741211,113.3946762084961,98767700,Consumer Service,XLY,Consumer Discretionary Select Sector SPDR Fund
2020-05-01,113.0199966430664,126.08000183105469,110.05999755859375,124.19000244140625,120.77605438232422,100390000,Consumer Service,XLY,Consumer Discretionary Select Sector SPDR Fund
2020-06-01,124.33999633789062,133.3000030517578,121.91999816894531,127.70999908447266,124.19927215576172,101636000,Consumer Service,XLY,Consumer Discretionary Select Sector SPDR Fund
2020-07-01,127.88999938964844,138.2100067138672,127.79000091552734,137.0,133.54421997070312,80508500,Consumer Service,XLY,Consumer Discretionary Select Sector SPDR Fund
2020-08-01,137.44000244140625,151.02000427246094,136.4199981689453,150.08999633789062,146.3040313720703,54674000,Consumer Service,XLY,Consumer Discretionary Select Sector SPDR Fund
2020-09-01,150.22999572753906,154.13999938964844,139.02999877929688,146.97999572753906,143.27247619628906,91784100,Consumer Service,XLY,Consumer Discretionary Select Sector SPDR Fund
2020-10-01,148.42999267578125,156.13999938964844,141.74000549316406,142.97000122070312,139.66064453125,70396700,Consumer Service,XLY,Consumer Discretionary Select Sector SPDR Fund
2020-11-01,144.83999633789062,158.7899932861328,142.41000366210938,157.25999450683594,153.619873046875,64916300,Consumer Service,XLY,Consumer Discretionary Select Sector SPDR Fund
2020-12-01,158.49000549316406,161.1300048828125,155.22999572753906,160.77999877929688,157.05838012695312,65816600,Consumer Service,XLY,Consumer Discretionary Select Sector SPDR Fund
2021-01-01,161.77999877929688,171.9600067138672,157.44000244140625,162.00999450683594,158.55325317382812,80246900,Consumer Service,XLY,Consumer Discretionary Select Sector SPDR Fund
2021-02-01,163.88999938964844,173.4600067138672,159.00999450683594,161.14999389648438,157.71160888671875,59585800,Consumer Service,XLY,Consumer Discretionary Select Sector SPDR Fund
2021-03-01,163.14999389648438,170.1999969482422,149.64999389648438,168.07000732421875,164.4839630126953,121750600,Consumer Service,XLY,Consumer Discretionary Select Sector SPDR Fund
2021-04-01,169.58999633789062,180.16000366210938,168.85000610351562,178.9199981689453,175.38063049316406,62915500,Consumer Service,XLY,Consumer Discretionary Select Sector SPDR Fund
2021-05-01,179.88999938964844,179.97999572753906,165.49000549316406,172.83999633789062,169.4208984375,89924600,Consumer Service,XLY,Consumer Discretionary Select Sector SPDR Fund
2021-06-01,173.8699951171875,179.36000061035156,169.3800048828125,178.5500030517578,175.01792907714844,80793900,Consumer Service,XLY,Consumer Discretionary Select Sector SPDR Fund
2021-07-01,178.99000549316406,184.69000244140625,173.77000427246094,180.42999267578125,177.12307739257812,87622100,Consumer Service,XLY,Consumer Discretionary Select Sector SPDR Fund
2021-08-01,181.89999389648438,183.8300018310547,174.8699951171875,183.64999389648438,180.28407287597656,79608500,Consumer Service,XLY,Consumer Discretionary Select Sector SPDR Fund
2021-09-01,184.27999877929688,186.38999938964844,177.3800048828125,179.4499969482422,176.1610565185547,112075600,Consumer Service,XLY,Consumer Discretionary Select Sector SPDR Fund
2021-10-01,180.36000061035156,201.61000061035156,178.24000549316406,201.14999389648438,197.75872802734375,102706500,Consumer Service,XLY,Consumer Discretionary Select Sector SPDR Fund
2021-11-01,202.6300048828125,215.05999755859375,201.07000732421875,204.44000244140625,200.9932403564453,166808300,Consumer Service,XLY,Consumer Discretionary Select Sector SPDR Fund
2021-12-01,206.75,208.75,189.89999389648438,204.44000244140625,200.9932403564453,175315900,Consumer Service,XLY,Consumer Discretionary Select Sector SPDR Fund
2022-01-01,208.2899932861328,211.80999755859375,171.47999572753906,184.9499969482422,182.10414123535156,238437900,Consumer Service,XLY,Consumer Discretionary Select Sector SPDR Fund
2022-02-01,185.30999755859375,190.1699981689453,161.49000549316406,177.42999267578125,174.69985961914062,224046500,Consumer Service,XLY,Consumer Discretionary Select Sector SPDR Fund
2022-03-01,177.1699981689453,192.19000244140625,161.7100067138672,185.0,182.1533966064453,284326600,Consumer Service,XLY,Consumer Discretionary Select Sector SPDR Fund
2022-04-01,186.00999450683594,189.4499969482422,162.55999755859375,162.8800048828125,160.62013244628906,196284700,Consumer Service,XLY,Consumer Discretionary Select Sector SPDR Fund
2022-05-01,162.3800048828125,169.86000061035156,136.0,154.5399932861328,152.39584350585938,194840400,Consumer Service,XLY,Consumer Discretionary Select Sector SPDR Fund
2022-06-01,155.3699951171875,157.6999969482422,133.0399932861328,137.47999572753906,135.57252502441406,141485200,Consumer Service,XLY,Consumer Discretionary Select Sector SPDR Fund
2022-07-01,137.6999969482422,163.47999572753906,137.02999877929688,162.8300018310547,160.942138671875,102720200,Consumer Service,XLY,Consumer Discretionary Select Sector SPDR Fund
2022-08-01,162.86000061035156,174.75999450683594,155.47000122070312,155.50999450683594,153.70700073242188,96793400,Consumer Service,XLY,Consumer Discretionary Select Sector SPDR Fund
2022-09-01,154.49000549316406,167.19000244140625,142.02999877929688,142.4499969482422,140.79840087890625,130437200,Consumer Service,XLY,Consumer Discretionary Select Sector SPDR Fund
2022-10-01,142.32000732421875,149.00999450683594,133.5500030517578,144.02999877929688,142.6581573486328,132633100,Consumer Service,XLY,Consumer Discretionary Select Sector SPDR Fund
2022-11-01,146.47999572753906,146.9600067138672,131.89999389648438,146.1699981689453,144.7777862548828,106640300,Consumer Service,XLY,Consumer Discretionary Select Sector SPDR Fund
2022-12-01,146.7100067138672,147.32000732421875,126.0,129.16000366210938,127.92980194091797,99615700,Consumer Service,XLY,Consumer Discretionary Select Sector SPDR Fund
2023-01-01,129.92999267578125,149.02999877929688,126.83000183105469,148.6999969482422,147.6873321533203,90454300,Consumer Service,XLY,Consumer Discretionary Select Sector SPDR Fund
2023-02-01,148.30999755859375,158.02999877929688,142.67999267578125,145.5399932861328,144.54885864257812,95353900,Consumer Service,XLY,Consumer Discretionary Select Sector SPDR Fund
2023-03-01,145.02000427246094,149.6300048828125,135.7100067138672,149.5399932861328,148.52162170410156,149866100,Consumer Service,XLY,Consumer Discretionary Select Sector SPDR Fund
2023-04-01,148.19000244140625,149.02000427246094,142.58999633789062,147.86000061035156,147.3011932373047,85539600,Consumer Service,XLY,Consumer Discretionary Select Sector SPDR Fund
2023-05-01,147.5,154.14999389648438,144.0399932861328,151.61000061035156,151.03701782226562,93741900,Consumer Service,XLY,Consumer Discretionary Select Sector SPDR Fund
2023-06-01,151.47999572753906,170.35000610351562,150.42999267578125,169.80999755859375,169.16824340820312,106869100,Consumer Service,XLY,Consumer Discretionary Select Sector SPDR Fund
2023-07-01,171.50999450683594,177.8000030517578,168.3699951171875,173.74000549316406,173.43153381347656,100870200,Consumer Service,XLY,Consumer Discretionary Select Sector SPDR Fund
2023-08-01,172.8699951171875,174.6199951171875,160.92999267578125,170.7100067138672,170.40692138671875,91630000,Consumer Service,XLY,Consumer Discretionary Select Sector SPDR Fund
2023-09-01,171.67999267578125,175.22999572753906,156.74000549316406,160.97999572753906,160.69418334960938,102848400,Consumer Service,XLY,Consumer Discretionary Select Sector SPDR Fund
2023-10-01,160.02000427246094,164.0800018310547,147.8300018310547,152.10000610351562,152.10000610351562,144342000,Consumer Service,XLY,Consumer Discretionary Select Sector SPDR Fund
2023-11-01,152.99000549316406,169.57000732421875,151.7899932861328,169.47999572753906,169.47999572753906,112446020,Consumer Service,XLY,Consumer Discretionary Select Sector SPDR Fund
2018-12-01,169.44000244140625,170.10000610351562,139.14999389648438,150.52000427246094,141.48179626464844,4461100,Consumer Service,VCR,Vanguard Consumer Discretionary Fund
2019-01-01,148.0,166.24000549316406,147.69000244140625,165.6999969482422,156.29673767089844,2164800,Consumer Service,VCR,Vanguard Consumer Discretionary Fund
2019-02-01,164.16000366210938,170.19000244140625,161.86000061035156,168.19000244140625,158.64544677734375,2427100,Consumer Service,VCR,Vanguard Consumer Discretionary Fund
2019-03-01,169.60000610351562,172.64999389648438,163.66000366210938,172.41000366210938,162.6259307861328,1445200,Consumer Service,VCR,Vanguard Consumer Discretionary Fund
2019-04-01,173.64999389648438,182.75,173.52000427246094,181.2100067138672,171.35743713378906,2094300,Consumer Service,VCR,Vanguard Consumer Discretionary Fund
2019-05-01,181.44000244140625,182.5,166.5,166.89999389648438,157.82550048828125,1830700,Consumer Service,VCR,Vanguard Consumer Discretionary Fund
2019-06-01,166.63999938964844,181.7100067138672,164.88999938964844,179.38999938964844,169.6363983154297,1171900,Consumer Service,VCR,Vanguard Consumer Discretionary Fund
2019-07-01,181.63999938964844,187.07000732421875,179.82000732421875,181.47000122070312,172.03973388671875,1069400,Consumer Service,VCR,Vanguard Consumer Discretionary Fund
2019-08-01,181.77000427246094,183.4499969482422,170.2100067138672,178.32000732421875,169.05345153808594,1926100,Consumer Service,VCR,Vanguard Consumer Discretionary Fund
2019-09-01,177.35000610351562,186.3699951171875,176.60000610351562,180.1199951171875,170.7598876953125,1023200,Consumer Service,VCR,Vanguard Consumer Discretionary Fund
2019-10-01,180.6999969482422,184.0,173.02999877929688,181.39999389648438,172.5357208251953,1627000,Consumer Service,VCR,Vanguard Consumer Discretionary Fund
2019-11-01,182.47999572753906,186.13999938964844,180.1999969482422,184.77999877929688,175.7505645751953,963900,Consumer Service,VCR,Vanguard Consumer Discretionary Fund
2019-12-01,185.0,191.66000366210938,180.47000122070312,189.47999572753906,180.22091674804688,1115200,Consumer Service,VCR,Vanguard Consumer Discretionary Fund
2020-01-01,190.85000610351562,195.52000427246094,187.05999755859375,191.75999450683594,183.127685546875,1243500,Consumer Service,VCR,Vanguard Consumer Discretionary Fund
2020-02-01,192.7899932861328,205.0500030517578,171.77000427246094,177.22999572753906,169.2517547607422,2737500,Consumer Service,VCR,Vanguard Consumer Discretionary Fund
2020-03-01,177.75999450683594,186.02000427246094,118.98999786376953,145.35000610351562,138.806884765625,5190400,Consumer Service,VCR,Vanguard Consumer Discretionary Fund
2020-04-01,139.89999389648438,179.30999755859375,134.49000549316406,177.22000122070312,169.62466430664062,2502500,Consumer Service,VCR,Vanguard Consumer Discretionary Fund
2020-05-01,171.97999572753906,192.83999633789062,166.33999633789062,190.1199951171875,181.97177124023438,1809400,Consumer Service,VCR,Vanguard Consumer Discretionary Fund
2020-06-01,190.77000427246094,207.41000366210938,188.92999267578125,200.0,191.42835998535156,1800200,Consumer Service,VCR,Vanguard Consumer Discretionary Fund
2020-07-01,200.6199951171875,221.1699981689453,200.35000610351562,218.4199981689453,209.63717651367188,2165400,Consumer Service,VCR,Vanguard Consumer Discretionary Fund
2020-08-01,219.42999267578125,248.0500030517578,218.35000610351562,246.6999969482422,236.780029296875,1877500,Consumer Service,VCR,Vanguard Consumer Discretionary Fund
2020-09-01,247.3000030517578,251.74000549316406,221.60000610351562,234.6199951171875,225.18577575683594,4247300,Consumer Service,VCR,Vanguard Consumer Discretionary Fund
2020-10-01,237.3800048828125,252.0,227.52000427246094,229.1199951171875,223.5211181640625,2405300,Consumer Service,VCR,Vanguard Consumer Discretionary Fund
2020-11-01,231.9499969482422,265.05999755859375,228.49000549316406,261.4800109863281,255.0903778076172,2088600,Consumer Service,VCR,Vanguard Consumer Discretionary Fund
2020-12-01,264.5899963378906,276.0,259.67999267578125,275.17999267578125,268.45556640625,2009800,Consumer Service,VCR,Vanguard Consumer Discretionary Fund
2021-01-01,276.8900146484375,297.5400085449219,268.6700134277344,283.2900085449219,276.3674011230469,2701300,Consumer Service,VCR,Vanguard Consumer Discretionary Fund
2021-02-01,286.3699951171875,300.5899963378906,278.7200012207031,283.5199890136719,276.591796875,2355700,Consumer Service,VCR,Vanguard Consumer Discretionary Fund
2021-03-01,287.989990234375,300.95001220703125,264.510009765625,295.3800048828125,288.1619873046875,3289000,Consumer Service,VCR,Vanguard Consumer Discretionary Fund
2021-04-01,298.0400085449219,316.489990234375,296.7699890136719,314.0400085449219,306.48248291015625,2439700,Consumer Service,VCR,Vanguard Consumer Discretionary Fund
2021-05-01,315.70001220703125,316.1300048828125,291.6600036621094,305.05999755859375,297.7185974121094,2040100,Consumer Service,VCR,Vanguard Consumer Discretionary Fund
2021-06-01,307.1099853515625,315.0,299.6000061035156,314.010009765625,306.45318603515625,1582000,Consumer Service,VCR,Vanguard Consumer Discretionary Fund
2021-07-01,314.4800109863281,323.1600036621094,303.1499938964844,315.07000732421875,307.8821105957031,2109800,Consumer Service,VCR,Vanguard Consumer Discretionary Fund
2021-08-01,317.05999755859375,321.8999938964844,305.55999755859375,320.94000244140625,313.6181945800781,1329400,Consumer Service,VCR,Vanguard Consumer Discretionary Fund
2021-09-01,322.05999755859375,324.5400085449219,309.510009765625,309.9700012207031,302.8985290527344,1323000,Consumer Service,VCR,Vanguard Consumer Discretionary Fund
2021-10-01,311.3399963378906,340.0,306.6600036621094,338.80999755859375,332.7097473144531,1617000,Consumer Service,VCR,Vanguard Consumer Discretionary Fund
2021-11-01,340.9700012207031,360.5400085449219,339.17999267578125,341.5899963378906,335.439697265625,3889600,Consumer Service,VCR,Vanguard Consumer Discretionary Fund
2021-12-01,345.0400085449219,348.29998779296875,316.8399963378906,340.6600036621094,334.5264587402344,2739100,Consumer Service,VCR,Vanguard Consumer Discretionary Fund
2022-01-01,345.8699951171875,350.79998779296875,285.8399963378906,307.44000244140625,302.49578857421875,5197800,Consumer Service,VCR,Vanguard Consumer Discretionary Fund
2022-02-01,308.0299987792969,316.7900085449219,270.010009765625,296.3999938964844,291.6333312988281,2179500,Consumer Service,VCR,Vanguard Consumer Discretionary Fund
2022-03-01,295.8900146484375,317.6700134277344,269.30999755859375,305.239990234375,300.3311462402344,3608600,Consumer Service,VCR,Vanguard Consumer Discretionary Fund
2022-04-01,306.30999755859375,312.25,269.6099853515625,270.1600036621094,266.2238464355469,2280700,Consumer Service,VCR,Vanguard Consumer Discretionary Fund
2022-05-01,269.69000244140625,281.5199890136719,226.27999877929688,256.2699890136719,252.53622436523438,5167600,Consumer Service,VCR,Vanguard Consumer Discretionary Fund
2022-06-01,258.1700134277344,262.1099853515625,220.27999877929688,227.4600067138672,224.14596557617188,3363300,Consumer Service,VCR,Vanguard Consumer Discretionary Fund
2022-07-01,227.25999450683594,269.5899963378906,227.05999755859375,268.7099914550781,265.311279296875,2302100,Consumer Service,VCR,Vanguard Consumer Discretionary Fund
2022-08-01,268.2900085449219,290.5400085449219,256.92999267578125,257.3800048828125,254.12457275390625,1690400,Consumer Service,VCR,Vanguard Consumer Discretionary Fund
2022-09-01,255.13999938964844,276.010009765625,234.11000061035156,235.07000732421875,232.09674072265625,1637900,Consumer Service,VCR,Vanguard Consumer Discretionary Fund
2022-10-01,235.25999450683594,247.5,222.82000732421875,240.67999267578125,238.1936492919922,2122500,Consumer Service,VCR,Vanguard Consumer Discretionary Fund
2022-11-01,244.5800018310547,247.9199981689453,221.9199981689453,246.47999572753906,243.9337158203125,1741000,Consumer Service,VCR,Vanguard Consumer Discretionary Fund
2022-12-01,247.22999572753906,248.2100067138672,213.72999572753906,219.02000427246094,216.7574005126953,3393200,Consumer Service,VCR,Vanguard Consumer Discretionary Fund
2023-01-01,220.5,253.05999755859375,215.49000549316406,252.9199981689453,251.0136260986328,2177700,Consumer Service,VCR,Vanguard Consumer Discretionary Fund
2023-02-01,252.11000061035156,268.29998779296875,243.00999450683594,247.3800048828125,245.51539611816406,1745000,Consumer Service,VCR,Vanguard Consumer Discretionary Fund
2023-03-01,246.91000366210938,252.77000427246094,230.16000366210938,252.5500030517578,250.64642333984375,1432600,Consumer Service,VCR,Vanguard Consumer Discretionary Fund
2023-04-01,250.8000030517578,252.02999877929688,241.7899932861328,250.64999389648438,249.48199462890625,1096000,Consumer Service,VCR,Vanguard Consumer Discretionary Fund
2023-05-01,250.00999450683594,258.2200012207031,244.07000732421875,253.25,252.06988525390625,1136100,Consumer Service,VCR,Vanguard Consumer Discretionary Fund
2023-06-01,253.19000244140625,283.8999938964844,251.6300048828125,283.20001220703125,281.88031005859375,1293200,Consumer Service,VCR,Vanguard Consumer Discretionary Fund
2023-07-01,285.75,297.45001220703125,279.739990234375,292.82000732421875,292.0258483886719,2324600,Consumer Service,VCR,Vanguard Consumer Discretionary Fund
2023-08-01,291.44000244140625,294.3699951171875,271.5299987792969,286.9200134277344,286.1418762207031,1780400,Consumer Service,VCR,Vanguard Consumer Discretionary Fund
2023-09-01,288.6199951171875,292.6499938964844,263.2799987792969,269.3699951171875,268.6394348144531,1187700,Consumer Service,VCR,Vanguard Consumer Discretionary Fund
2023-10-01,267.7900085449219,273.0400085449219,247.52000427246094,255.3699951171875,255.3699951171875,2521600,Consumer Service,VCR,Vanguard Consumer Discretionary Fund
2023-11-01,256.5299987792969,285.760009765625,255.05999755859375,285.3399963378906,285.3399963378906,1891828,Consumer Service,VCR,Vanguard Consumer Discretionary Fund
2018-12-01,44.31999969482422,44.31999969482422,37.939998626708984,39.79999923706055,38.69888687133789,212700,Consumer Service,PEJ,Invesco Dynamic Leisure and Entertainment ETF
2019-01-01,39.209999084472656,42.61000061035156,39.209999084472656,42.38999938964844,41.29460906982422,870500,Consumer Service,PEJ,Invesco Dynamic Leisure and Entertainment ETF
2019-02-01,42.29999923706055,43.599998474121094,41.68000030517578,42.84000015258789,41.732975006103516,80900,Consumer Service,PEJ,Invesco Dynamic Leisure and Entertainment ETF
2019-03-01,43.130001068115234,43.29999923706055,41.75,42.91999816894531,41.81090545654297,644000,Consumer Service,PEJ,Invesco Dynamic Leisure and Entertainment ETF
2019-04-01,43.15999984741211,45.09000015258789,43.08000183105469,44.75,43.59362030029297,61900,Consumer Service,PEJ,Invesco Dynamic Leisure and Entertainment ETF
2019-05-01,44.83000183105469,44.83000183105469,41.279998779296875,41.369998931884766,40.30097579956055,119900,Consumer Service,PEJ,Invesco Dynamic Leisure and Entertainment ETF
2019-06-01,41.29999923706055,43.689998626708984,41.29999923706055,43.36000061035156,42.23954772949219,169900,Consumer Service,PEJ,Invesco Dynamic Leisure and Entertainment ETF
2019-07-01,43.880001068115234,45.04999923706055,43.40999984741211,44.4900016784668,43.41240310668945,57100,Consumer Service,PEJ,Invesco Dynamic Leisure and Entertainment ETF
2019-08-01,44.689998626708984,44.75,42.15999984741211,43.220001220703125,42.17316436767578,42400,Consumer Service,PEJ,Invesco Dynamic Leisure and Entertainment ETF
2019-09-01,42.720001220703125,43.93000030517578,42.130001068115234,42.54999923706055,41.519386291503906,53500,Consumer Service,PEJ,Invesco Dynamic Leisure and Entertainment ETF
2019-10-01,42.54999923706055,42.7599983215332,41.25,42.25,41.25727462768555,73200,Consumer Service,PEJ,Invesco Dynamic Leisure and Entertainment ETF
2019-11-01,42.20000076293945,44.09000015258789,41.9900016784668,43.900001525878906,42.868499755859375,340300,Consumer Service,PEJ,Invesco Dynamic Leisure and Entertainment ETF
2019-12-01,44.13999938964844,45.869998931884766,43.18000030517578,45.119998931884766,44.059837341308594,132700,Consumer Service,PEJ,Invesco Dynamic Leisure and Entertainment ETF
2020-01-01,45.2400016784668,45.68000030517578,42.529998779296875,42.68000030517578,41.743675231933594,93600,Consumer Service,PEJ,Invesco Dynamic Leisure and Entertainment ETF
2020-02-01,43.150001525878906,44.849998474121094,35.38999938964844,36.400001525878906,35.60144805908203,226500,Consumer Service,PEJ,Invesco Dynamic Leisure and Entertainment ETF
2020-03-01,36.290000915527344,37.43000030517578,17.600000381469727,24.350000381469727,23.815805435180664,4731000,Consumer Service,PEJ,Invesco Dynamic Leisure and Entertainment ETF
2020-04-01,23.459999084472656,29.049999237060547,20.610000610351562,27.450000762939453,26.936426162719727,5590400,Consumer Service,PEJ,Invesco Dynamic Leisure and Entertainment ETF
2020-05-01,26.65999984741211,31.520000457763672,23.850000381469727,30.059999465942383,29.49759864807129,6887900,Consumer Service,PEJ,Invesco Dynamic Leisure and Entertainment ETF
2020-06-01,30.229999542236328,34.189998626708984,27.950000762939453,29.139999389648438,28.59480857849121,7598600,Consumer Service,PEJ,Invesco Dynamic Leisure and Entertainment ETF
2020-07-01,29.290000915527344,31.110000610351562,28.5,30.030000686645508,29.485780715942383,2112500,Consumer Service,PEJ,Invesco Dynamic Leisure and Entertainment ETF
2020-08-01,30.15999984741211,34.15999984741211,29.700000762939453,33.45000076293945,32.84379959106445,4441500,Consumer Service,PEJ,Invesco Dynamic Leisure and Entertainment ETF
2020-09-01,33.310001373291016,34.18000030517578,30.959999084472656,32.11000061035156,31.528085708618164,2765300,Consumer Service,PEJ,Invesco Dynamic Leisure and Entertainment ETF
2020-10-01,32.27000045776367,32.869998931884766,29.68000030517578,30.0,29.456321716308594,1779300,Consumer Service,PEJ,Invesco Dynamic Leisure and Entertainment ETF
2020-11-01,30.170000076293945,37.81999969482422,29.959999084472656,36.97999954223633,36.3098258972168,10184300,Consumer Service,PEJ,Invesco Dynamic Leisure and Entertainment ETF
2020-12-01,37.5,40.189998626708984,37.150001525878906,40.029998779296875,39.30455017089844,7331700,Consumer Service,PEJ,Invesco Dynamic Leisure and Entertainment ETF
2021-01-01,40.22999954223633,44.369998931884766,38.47999954223633,41.58000183105469,41.122676849365234,8600700,Consumer Service,PEJ,Invesco Dynamic Leisure and Entertainment ETF
2021-02-01,41.959999084472656,49.060001373291016,41.459999084472656,48.06999969482422,47.541290283203125,14672500,Consumer Service,PEJ,Invesco Dynamic Leisure and Entertainment ETF
2021-03-01,49.459999084472656,55.25,44.66999816894531,45.970001220703125,45.46438980102539,27277100,Consumer Service,PEJ,Invesco Dynamic Leisure and Entertainment ETF
2021-04-01,46.34000015258789,47.45000076293945,44.04999923706055,46.02000045776367,45.531097412109375,18704900,Consumer Service,PEJ,Invesco Dynamic Leisure and Entertainment ETF
2021-05-01,46.41999816894531,49.13999938964844,41.939998626708984,47.220001220703125,46.71834945678711,12840200,Consumer Service,PEJ,Invesco Dynamic Leisure and Entertainment ETF
2021-06-01,48.52000045776367,54.619998931884766,47.36000061035156,52.27000045776367,51.714698791503906,19309700,Consumer Service,PEJ,Invesco Dynamic Leisure and Entertainment ETF
2021-07-01,52.459999084472656,52.720001220703125,47.119998931884766,49.2599983215332,48.74725341796875,5682200,Consumer Service,PEJ,Invesco Dynamic Leisure and Entertainment ETF
2021-08-01,49.5099983215332,50.119998931884766,46.880001068115234,49.79999923706055,49.28163528442383,4961400,Consumer Service,PEJ,Invesco Dynamic Leisure and Entertainment ETF
2021-09-01,49.900001525878906,52.29999923706055,48.209999084472656,50.34000015258789,49.81601333618164,4229000,Consumer Service,PEJ,Invesco Dynamic Leisure and Entertainment ETF
2021-10-01,50.779998779296875,53.22999954223633,50.130001068115234,50.4900016784668,49.964454650878906,5117500,Consumer Service,PEJ,Invesco Dynamic Leisure and Entertainment ETF
2021-11-01,50.720001220703125,53.560001373291016,45.16999816894531,45.720001220703125,45.24410629272461,7573700,Consumer Service,PEJ,Invesco Dynamic Leisure and Entertainment ETF
2021-12-01,46.52000045776367,49.54999923706055,44.13999938964844,48.97999954223633,48.47016143798828,6124500,Consumer Service,PEJ,Invesco Dynamic Leisure and Entertainment ETF
2022-01-01,49.13999938964844,50.11000061035156,43.06999969482422,46.90999984741211,46.496707916259766,4764800,Consumer Service,PEJ,Invesco Dynamic Leisure and Entertainment ETF
2022-02-01,47.0,50.939998626708984,45.099998474121094,48.31999969482422,47.894287109375,9666500,Consumer Service,PEJ,Invesco Dynamic Leisure and Entertainment ETF
2022-03-01,48.119998931884766,50.060001373291016,42.369998931884766,48.77000045776367,48.34032440185547,8008400,Consumer Service,PEJ,Invesco Dynamic Leisure and Entertainment ETF
2022-04-01,49.0,49.150001525878906,43.2400016784668,43.290000915527344,42.96853256225586,8056100,Consumer Service,PEJ,Invesco Dynamic Leisure and Entertainment ETF
2022-05-01,43.369998931884766,43.849998474121094,38.290000915527344,41.869998931884766,41.559078216552734,7197400,Consumer Service,PEJ,Invesco Dynamic Leisure and Entertainment ETF
2022-06-01,42.11000061035156,42.31999969482422,35.220001220703125,36.27000045776367,36.000667572021484,8061500,Consumer Service,PEJ,Invesco Dynamic Leisure and Entertainment ETF
2022-07-01,36.16999816894531,39.63999938964844,35.68000030517578,39.61000061035156,39.37522506713867,5562700,Consumer Service,PEJ,Invesco Dynamic Leisure and Entertainment ETF
2022-08-01,39.380001068115234,42.459999084472656,38.959999084472656,38.97999954223633,38.74895477294922,6301600,Consumer Service,PEJ,Invesco Dynamic Leisure and Entertainment ETF
2022-09-01,38.63999938964844,40.65999984741211,34.36000061035156,34.650001525878906,34.44462966918945,7359700,Consumer Service,PEJ,Invesco Dynamic Leisure and Entertainment ETF
2022-10-01,35.04999923706055,38.77000045776367,34.40999984741211,38.58000183105469,38.35927963256836,2342400,Consumer Service,PEJ,Invesco Dynamic Leisure and Entertainment ETF
2022-11-01,38.95000076293945,39.619998931884766,36.099998474121094,39.619998931884766,39.39332580566406,2542000,Consumer Service,PEJ,Invesco Dynamic Leisure and Entertainment ETF
2022-12-01,39.70000076293945,39.779998779296875,35.880001068115234,36.40999984741211,36.201690673828125,4934500,Consumer Service,PEJ,Invesco Dynamic Leisure and Entertainment ETF
2023-01-01,36.68000030517578,41.439998626708984,36.099998474121094,41.349998474121094,41.145416259765625,1885800,Consumer Service,PEJ,Invesco Dynamic Leisure and Entertainment ETF
2023-02-01,41.220001220703125,42.279998779296875,40.08000183105469,40.400001525878906,40.20012283325195,1742300,Consumer Service,PEJ,Invesco Dynamic Leisure and Entertainment ETF
2023-03-01,40.349998474121094,41.75,37.58000183105469,40.689998626708984,40.488685607910156,1721100,Consumer Service,PEJ,Invesco Dynamic Leisure and Entertainment ETF
2023-04-01,40.630001068115234,41.54999923706055,39.65999984741211,41.400001525878906,41.347354888916016,1076400,Consumer Service,PEJ,Invesco Dynamic Leisure and Entertainment ETF
2023-05-01,41.369998931884766,42.02000045776367,38.7599983215332,39.150001525878906,39.100215911865234,2313000,Consumer Service,PEJ,Invesco Dynamic Leisure and Entertainment ETF
2023-06-01,39.150001525878906,41.95000076293945,38.88999938964844,41.81999969482422,41.76681900024414,1744300,Consumer Service,PEJ,Invesco Dynamic Leisure and Entertainment ETF
2023-07-01,41.79999923706055,43.33000183105469,40.689998626708984,43.22999954223633,43.210479736328125,1814300,Consumer Service,PEJ,Invesco Dynamic Leisure and Entertainment ETF
2023-08-01,42.97999954223633,43.040000915527344,39.7400016784668,40.900001525878906,40.88153076171875,1180800,Consumer Service,PEJ,Invesco Dynamic Leisure and Entertainment ETF
2023-09-01,41.06999969482422,41.09000015258789,37.599998474121094,38.31999969482422,38.302696228027344,1214400,Consumer Service,PEJ,Invesco Dynamic Leisure and Entertainment ETF
2023-10-01,38.290000915527344,38.599998474121094,34.900001525878906,35.720001220703125,35.720001220703125,1428000,Consumer Service,PEJ,Invesco Dynamic Leisure and Entertainment ETF
2023-11-01,35.790000915527344,39.70000076293945,35.400001525878906,38.88999938964844,38.88999938964844,1349912,Consumer Service,PEJ,Invesco Dynamic Leisure and Entertainment ETF
2018-12-01,35.63999938964844,35.63999938964844,27.649999618530273,30.25,29.857492446899414,708200,Consumer Service,ONLN,ProShares Online Retail ETF
2019-01-01,29.520000457763672,35.849998474121094,29.520000457763672,35.81999969482422,35.355220794677734,408300,Consumer Service,ONLN,ProShares Online Retail ETF
2019-02-01,35.13999938964844,38.2400016784668,34.68000030517578,37.86000061035156,37.368751525878906,617600,Consumer Service,ONLN,ProShares Online Retail ETF
2019-03-01,38.40999984741211,38.97999954223633,36.099998474121094,38.2599983215332,37.7635612487793,476200,Consumer Service,ONLN,ProShares Online Retail ETF
2019-04-01,38.560001373291016,39.59000015258789,37.7400016784668,39.18000030517578,38.67162322998047,189900,Consumer Service,ONLN,ProShares Online Retail ETF
2019-05-01,39.38999938964844,40.15999984741211,35.08000183105469,35.209999084472656,34.753135681152344,208100,Consumer Service,ONLN,ProShares Online Retail ETF
2019-06-01,35.060001373291016,38.900001525878906,34.4900016784668,38.04999923706055,37.5562858581543,199400,Consumer Service,ONLN,ProShares Online Retail ETF
2019-07-01,38.630001068115234,38.95000076293945,36.97999954223633,37.380001068115234,36.89497756958008,250200,Consumer Service,ONLN,ProShares Online Retail ETF
2019-08-01,37.54999923706055,37.97999954223633,33.380001068115234,34.439998626708984,33.993125915527344,325900,Consumer Service,ONLN,ProShares Online Retail ETF
2019-09-01,34.279998779296875,36.4900016784668,33.29999923706055,33.7599983215332,33.32194900512695,207100,Consumer Service,ONLN,ProShares Online Retail ETF
2019-10-01,33.93000030517578,36.0,32.33000183105469,33.869998931884766,33.430519104003906,178700,Consumer Service,ONLN,ProShares Online Retail ETF
2019-11-01,33.970001220703125,35.84000015258789,33.66999816894531,35.38999938964844,34.93080139160156,205800,Consumer Service,ONLN,ProShares Online Retail ETF
2019-12-01,35.5,37.0,34.18000030517578,36.279998779296875,35.80924987792969,422900,Consumer Service,ONLN,ProShares Online Retail ETF
2020-01-01,36.54999923706055,39.20000076293945,36.2400016784668,37.36000061035156,36.875240325927734,230000,Consumer Service,ONLN,ProShares Online Retail ETF
2020-02-01,37.619998931884766,41.09000015258789,35.04999923706055,36.56999969482422,36.09548568725586,252800,Consumer Service,ONLN,ProShares Online Retail ETF
2020-03-01,37.08000183105469,37.380001068115234,28.5,33.25,32.818565368652344,570400,Consumer Service,ONLN,ProShares Online Retail ETF
2020-04-01,32.439998626708984,43.58000183105469,30.850000381469727,42.65999984741211,42.10647201538086,1987700,Consumer Service,ONLN,ProShares Online Retail ETF
2020-05-01,41.54999923706055,47.380001068115234,40.150001525878906,47.209999084472656,46.59743118286133,1622300,Consumer Service,ONLN,ProShares Online Retail ETF
2020-06-01,47.439998626708984,52.68000030517578,47.15999984741211,51.59000015258789,50.920597076416016,1908700,Consumer Service,ONLN,ProShares Online Retail ETF
2020-07-01,51.66999816894531,61.869998931884766,51.66999816894531,61.56999969482422,60.7711067199707,2900900,Consumer Service,ONLN,ProShares Online Retail ETF
2020-08-01,62.16999816894531,69.2300033569336,62.029998779296875,66.30999755859375,65.44959259033203,2997600,Consumer Service,ONLN,ProShares Online Retail ETF
2020-09-01,66.4000015258789,68.9000015258789,59.36000061035156,62.75,61.935791015625,2615500,Consumer Service,ONLN,ProShares Online Retail ETF
2020-10-01,63.84000015258789,70.69999694824219,62.68000030517578,63.560001373291016,63.10525894165039,7922200,Consumer Service,ONLN,ProShares Online Retail ETF
2020-11-01,64.05999755859375,73.81999969482422,61.63999938964844,72.63999938964844,72.12029266357422,3358300,Consumer Service,ONLN,ProShares Online Retail ETF
2020-12-01,73.58000183105469,80.20999908447266,70.93000030517578,75.8499984741211,75.30732727050781,2687300,Consumer Service,ONLN,ProShares Online Retail ETF
2021-01-01,76.16000366210938,88.2699966430664,73.72000122070312,82.7300033569336,82.7300033569336,5104700,Consumer Service,ONLN,ProShares Online Retail ETF
2021-02-01,84.18000030517578,93.44999694824219,80.37000274658203,82.93000030517578,82.93000030517578,3263100,Consumer Service,ONLN,ProShares Online Retail ETF
2021-03-01,84.3499984741211,86.7699966430664,73.97000122070312,78.44999694824219,78.44999694824219,2913400,Consumer Service,ONLN,ProShares Online Retail ETF
2021-04-01,79.76000213623047,83.0999984741211,77.44000244140625,80.68000030517578,80.68000030517578,1373200,Consumer Service,ONLN,ProShares Online Retail ETF
2021-05-01,80.9000015258789,81.38999938964844,69.43000030517578,75.72000122070312,75.72000122070312,2015800,Consumer Service,ONLN,ProShares Online Retail ETF
2021-06-01,76.69000244140625,82.66999816894531,76.19999694824219,80.87000274658203,80.87000274658203,1517300,Consumer Service,ONLN,ProShares Online Retail ETF
2021-07-01,80.61000061035156,86.2300033569336,72.5999984741211,72.69999694824219,72.69999694824219,2045000,Consumer Service,ONLN,ProShares Online Retail ETF
2021-08-01,73.12999725341797,73.91999816894531,66.19000244140625,71.37999725341797,71.37999725341797,1220400,Consumer Service,ONLN,ProShares Online Retail ETF
2021-09-01,71.5999984741211,72.98999786376953,65.3499984741211,65.63999938964844,65.63999938964844,1030000,Consumer Service,ONLN,ProShares Online Retail ETF
2021-10-01,65.81999969482422,70.16999816894531,63.209999084472656,68.19000244140625,68.19000244140625,1323300,Consumer Service,ONLN,ProShares Online Retail ETF
2021-11-01,68.20999908447266,72.0999984741211,62.5,63.36000061035156,63.36000061035156,1907700,Consumer Service,ONLN,ProShares Online Retail ETF
2021-12-01,64.30999755859375,64.30999755859375,54.59000015258789,56.720001220703125,56.720001220703125,2128000,Consumer Service,ONLN,ProShares Online Retail ETF
2022-01-01,57.029998779296875,57.7400016784668,45.33000183105469,50.93000030517578,50.93000030517578,2255400,Consumer Service,ONLN,ProShares Online Retail ETF
2022-02-01,51.06999969482422,52.470001220703125,41.5099983215332,47.540000915527344,47.540000915527344,2077800,Consumer Service,ONLN,ProShares Online Retail ETF
2022-03-01,47.31999969482422,49.91999816894531,38.81999969482422,45.900001525878906,45.900001525878906,1294500,Consumer Service,ONLN,ProShares Online Retail ETF
2022-04-01,46.72999954223633,48.619998931884766,37.619998931884766,37.66999816894531,37.66999816894531,1198500,Consumer Service,ONLN,ProShares Online Retail ETF
2022-05-01,37.54999923706055,39.75,29.84000015258789,34.869998931884766,34.869998931884766,2966100,Consumer Service,ONLN,ProShares Online Retail ETF
2022-06-01,35.16999816894531,37.09000015258789,31.030000686645508,32.4900016784668,32.4900016784668,1390700,Consumer Service,ONLN,ProShares Online Retail ETF
2022-07-01,32.45000076293945,36.619998931884766,32.25,35.45000076293945,35.45000076293945,2641900,Consumer Service,ONLN,ProShares Online Retail ETF
2022-08-01,35.220001220703125,40.59000015258789,34.68000030517578,34.900001525878906,34.900001525878906,1255000,Consumer Service,ONLN,ProShares Online Retail ETF
2022-09-01,34.33000183105469,37.04999923706055,29.780000686645508,29.84000015258789,29.84000015258789,3882500,Consumer Service,ONLN,ProShares Online Retail ETF
2022-10-01,29.93000030517578,32.81999969482422,27.25,28.40999984741211,28.40999984741211,730500,Consumer Service,ONLN,ProShares Online Retail ETF
2022-11-01,29.3700008392334,32.540000915527344,26.100000381469727,32.06999969482422,32.06999969482422,1121100,Consumer Service,ONLN,ProShares Online Retail ETF
2022-12-01,31.850000381469727,33.0,27.3799991607666,28.31999969482422,28.31999969482422,1674500,Consumer Service,ONLN,ProShares Online Retail ETF
2023-01-01,28.809999465942383,36.810001373291016,28.299999237060547,36.02000045776367,36.02000045776367,1945600,Consumer Service,ONLN,ProShares Online Retail ETF
2023-02-01,36.13999938964844,38.97999954223633,31.139999389648438,31.700000762939453,31.700000762939453,1765700,Consumer Service,ONLN,ProShares Online Retail ETF
2023-03-01,31.489999771118164,31.75,27.959999084472656,31.68000030517578,31.68000030517578,508200,Consumer Service,ONLN,ProShares Online Retail ETF
2023-04-01,31.389999389648438,31.520000457763672,28.489999771118164,29.559999465942383,29.559999465942383,351600,Consumer Service,ONLN,ProShares Online Retail ETF
2023-05-01,29.43000030517578,31.0,28.350000381469727,29.399999618530273,29.399999618530273,324300,Consumer Service,ONLN,ProShares Online Retail ETF
2023-06-01,29.6200008392334,33.29999923706055,29.549999237060547,32.77000045776367,32.77000045776367,291900,Consumer Service,ONLN,ProShares Online Retail ETF
2023-07-01,32.970001220703125,36.529998779296875,31.469999313354492,36.529998779296875,36.529998779296875,516200,Consumer Service,ONLN,ProShares Online Retail ETF
2023-08-01,36.209999084472656,36.59000015258789,31.649999618530273,33.619998931884766,33.619998931884766,296100,Consumer Service,ONLN,ProShares Online Retail ETF
2023-09-01,33.97999954223633,34.220001220703125,30.0,30.920000076293945,30.920000076293945,182800,Consumer Service,ONLN,ProShares Online Retail ETF
2023-10-01,30.81999969482422,31.670000076293945,28.5,29.600000381469727,29.600000381469727,354500,Consumer Service,ONLN,ProShares Online Retail ETF
2023-11-01,29.510000228881836,33.18000030517578,29.139999389648438,33.167999267578125,33.167999267578125,446947,Consumer Service,ONLN,ProShares Online Retail ETF
2018-12-01,37.310001373291016,38.2599983215332,30.809999465942383,33.029998779296875,30.48830795288086,276000,Consumer Service,BJK,VanEck Gaming ETF
2019-01-01,32.599998474121094,37.709999084472656,32.599998474121094,37.630001068115234,35.91838073730469,124200,Consumer Service,BJK,VanEck Gaming ETF
2019-02-01,37.7599983215332,38.68000030517578,36.099998474121094,37.68000030517578,35.96610641479492,143900,Consumer Service,BJK,VanEck Gaming ETF
2019-03-01,37.779998779296875,37.900001525878906,35.5,36.709999084472656,35.04022216796875,86400,Consumer Service,BJK,VanEck Gaming ETF
2019-04-01,37.310001373291016,39.970001220703125,37.310001373291016,39.27000045776367,37.48378372192383,108900,Consumer Service,BJK,VanEck Gaming ETF
2019-05-01,39.220001220703125,39.38999938964844,34.65999984741211,34.849998474121094,33.264827728271484,107100,Consumer Service,BJK,VanEck Gaming ETF
2019-06-01,34.459999084472656,37.849998474121094,33.880001068115234,37.400001525878906,35.6988410949707,73200,Consumer Service,BJK,VanEck Gaming ETF
2019-07-01,38.06999969482422,39.0,37.529998779296875,37.529998779296875,35.82292938232422,62500,Consumer Service,BJK,VanEck Gaming ETF
2019-08-01,37.61000061035156,37.7599983215332,33.70000076293945,35.59000015258789,33.971168518066406,69800,Consumer Service,BJK,VanEck Gaming ETF
2019-09-01,35.18000030517578,38.099998474121094,35.15999984741211,36.439998626708984,34.78250503540039,46600,Consumer Service,BJK,VanEck Gaming ETF
2019-10-01,36.47999954223633,39.869998931884766,36.209999084472656,39.439998626708984,37.64604568481445,52900,Consumer Service,BJK,VanEck Gaming ETF
2019-11-01,39.709999084472656,40.84000015258789,38.9900016784668,40.290000915527344,38.45738983154297,72500,Consumer Service,BJK,VanEck Gaming ETF
2019-12-01,40.70000076293945,42.959999084472656,39.5099983215332,41.75,39.85097885131836,122200,Consumer Service,BJK,VanEck Gaming ETF
2020-01-01,42.619998931884766,43.72999954223633,39.58000183105469,39.619998931884766,38.93966293334961,198300,Consumer Service,BJK,VanEck Gaming ETF
2020-02-01,39.959999084472656,42.7599983215332,35.380001068115234,36.34000015258789,35.71598815917969,253900,Consumer Service,BJK,VanEck Gaming ETF
2020-03-01,36.459999084472656,38.869998931884766,20.020000457763672,25.8799991607666,25.43560028076172,939600,Consumer Service,BJK,VanEck Gaming ETF
2020-04-01,24.639999389648438,32.290000915527344,23.559999465942383,31.709999084472656,31.165491104125977,646000,Consumer Service,BJK,VanEck Gaming ETF
2020-05-01,30.510000228881836,34.88999938964844,29.280000686645508,33.779998779296875,33.199947357177734,620200,Consumer Service,BJK,VanEck Gaming ETF
2020-06-01,34.060001373291016,39.40999984741211,32.33000183105469,33.29999923706055,32.728187561035156,1023400,Consumer Service,BJK,VanEck Gaming ETF
2020-07-01,33.310001373291016,35.599998474121094,32.689998626708984,33.849998474121094,33.26874542236328,569600,Consumer Service,BJK,VanEck Gaming ETF
2020-08-01,34.040000915527344,39.599998474121094,33.88999938964844,38.790000915527344,38.12392044067383,480100,Consumer Service,BJK,VanEck Gaming ETF
2020-09-01,38.779998779296875,40.790000915527344,37.0,39.130001068115234,38.45808029174805,733700,Consumer Service,BJK,VanEck Gaming ETF
2020-10-01,39.369998931884766,40.11000061035156,36.349998474121094,36.560001373291016,35.93220901489258,286000,Consumer Service,BJK,VanEck Gaming ETF
2020-11-01,36.84000015258789,45.06999969482422,36.810001373291016,44.0,43.24445343017578,630300,Consumer Service,BJK,VanEck Gaming ETF
2020-12-01,44.540000915527344,47.790000915527344,43.790000915527344,46.84000015258789,46.03568649291992,553400,Consumer Service,BJK,VanEck Gaming ETF
2021-01-01,47.209999084472656,48.349998474121094,45.0,45.400001525878906,44.83064651489258,805000,Consumer Service,BJK,VanEck Gaming ETF
2021-02-01,45.689998626708984,55.5,45.52000045776367,53.08000183105469,52.41433334350586,1023400,Consumer Service,BJK,VanEck Gaming ETF
2021-03-01,53.83000183105469,57.40999984741211,50.84000015258789,53.400001525878906,52.73031997680664,1706600,Consumer Service,BJK,VanEck Gaming ETF
2021-04-01,53.68000030517578,57.15999984741211,52.560001373291016,55.38999938964844,54.69536209106445,1003400,Consumer Service,BJK,VanEck Gaming ETF
2021-05-01,55.45000076293945,56.13999938964844,50.09000015258789,54.959999084472656,54.270755767822266,829000,Consumer Service,BJK,VanEck Gaming ETF
2021-06-01,55.279998779296875,56.18000030517578,52.630001068115234,53.119998931884766,52.45383071899414,622000,Consumer Service,BJK,VanEck Gaming ETF
2021-07-01,53.59000015258789,53.75,47.20000076293945,48.36000061035156,47.7535285949707,637100,Consumer Service,BJK,VanEck Gaming ETF
2021-08-01,48.400001525878906,51.439998626708984,46.4900016784668,51.349998474121094,50.70602798461914,585700,Consumer Service,BJK,VanEck Gaming ETF
2021-09-01,51.72999954223633,53.709999084472656,48.0,48.529998779296875,47.92139434814453,427700,Consumer Service,BJK,VanEck Gaming ETF
2021-10-01,48.77000045776367,51.790000915527344,48.0,49.7400016784668,49.11621856689453,513600,Consumer Service,BJK,VanEck Gaming ETF
2021-11-01,49.779998779296875,50.91999816894531,41.709999084472656,42.08000183105469,41.552284240722656,630900,Consumer Service,BJK,VanEck Gaming ETF
2021-12-01,42.38999938964844,44.77000045776367,40.88999938964844,44.45000076293945,43.89255905151367,844700,Consumer Service,BJK,VanEck Gaming ETF
2022-01-01,44.54999923706055,45.5,39.599998474121094,42.09000015258789,41.91116714477539,385500,Consumer Service,BJK,VanEck Gaming ETF
2022-02-01,42.5,44.810001373291016,39.45000076293945,42.15999984741211,41.98086929321289,430000,Consumer Service,BJK,VanEck Gaming ETF
2022-03-01,41.81999969482422,42.0,36.0,39.849998474121094,39.68068313598633,365900,Consumer Service,BJK,VanEck Gaming ETF
2022-04-01,40.5099983215332,41.150001525878906,35.88999938964844,36.77000045776367,36.61376953125,274800,Consumer Service,BJK,VanEck Gaming ETF
2022-05-01,36.63999938964844,38.41999816894531,32.09000015258789,36.45000076293945,36.29513168334961,281300,Consumer Service,BJK,VanEck Gaming ETF
2022-06-01,36.61000061035156,37.5099983215332,32.2400016784668,33.91999816894531,33.775875091552734,266100,Consumer Service,BJK,VanEck Gaming ETF
2022-07-01,33.630001068115234,36.290000915527344,32.4900016784668,36.290000915527344,36.13581085205078,122100,Consumer Service,BJK,VanEck Gaming ETF
2022-08-01,36.150001525878906,38.7599983215332,34.95000076293945,35.20000076293945,35.05044174194336,124900,Consumer Service,BJK,VanEck Gaming ETF
2022-09-01,34.5099983215332,36.630001068115234,31.469999313354492,32.56999969482422,32.43161392211914,165900,Consumer Service,BJK,VanEck Gaming ETF
2022-10-01,32.779998779296875,35.5,31.510000228881836,35.5,35.34916687011719,326500,Consumer Service,BJK,VanEck Gaming ETF
2022-11-01,36.2599983215332,40.400001525878906,34.58000183105469,40.400001525878906,40.22834777832031,183000,Consumer Service,BJK,VanEck Gaming ETF
2022-12-01,41.060001373291016,42.15999984741211,37.619998931884766,38.58000183105469,38.416080474853516,1017300,Consumer Service,BJK,VanEck Gaming ETF
2023-01-01,38.869998931884766,44.2400016784668,38.7400016784668,43.90999984741211,43.90999984741211,706200,Consumer Service,BJK,VanEck Gaming ETF
2023-02-01,44.209999084472656,45.0,42.59000015258789,43.400001525878906,43.400001525878906,172200,Consumer Service,BJK,VanEck Gaming ETF
2023-03-01,43.97999954223633,45.0,40.060001373291016,44.36000061035156,44.36000061035156,361000,Consumer Service,BJK,VanEck Gaming ETF
2023-04-01,44.54999923706055,46.720001220703125,44.040000915527344,46.63999938964844,46.63999938964844,424400,Consumer Service,BJK,VanEck Gaming ETF
2023-05-01,46.220001220703125,47.16999816894531,41.68000030517578,42.77000045776367,42.77000045776367,441900,Consumer Service,BJK,VanEck Gaming ETF
2023-06-01,42.63999938964844,45.790000915527344,42.459999084472656,44.7400016784668,44.7400016784668,674500,Consumer Service,BJK,VanEck Gaming ETF
2023-07-01,45.31999969482422,47.4900016784668,42.689998626708984,46.72999954223633,46.72999954223633,243600,Consumer Service,BJK,VanEck Gaming ETF
2023-08-01,46.060001373291016,46.25,41.720001220703125,43.56999969482422,43.56999969482422,238100,Consumer Service,BJK,VanEck Gaming ETF
2023-09-01,43.77000045776367,43.79999923706055,39.31999969482422,39.72999954223633,39.72999954223633,201400,Consumer Service,BJK,VanEck Gaming ETF
2023-10-01,39.47999954223633,40.31999969482422,37.08000183105469,37.7599983215332,37.7599983215332,180300,Consumer Service,BJK,VanEck Gaming ETF
2023-11-01,37.380001068115234,40.970001220703125,37.310001373291016,40.2400016784668,40.2400016784668,65935,Consumer Service,BJK,VanEck Gaming ETF
